{
  "planets": [
    {
      "name": "Sun",
      "mass": 1.988500e30,
      "radius": 696340e3,
      "x": -6.930903823048595E8,
      "y": 9.27804698953605E8,
      "z": 1.4711555825496519E7,
      "vx": 0.617299642182781,
      "vy": -9.45059951626413,
      "vz": 0.3753857445674212
    },
    {
      "name": "Earth",
      "mass": 5.97219e24,
      "radius": 6371e3,
      "x": 5.840833353136583E10,
      "y": 1.3604478018569809E11,
      "z": 8734938.491131498,
      "vx": -27788.323692250593,
      "vy": 11808.949796743054,
      "vz": -0.815330163435556,
      "moons": [
        {
          "name": "Moon",
          "mass": 7.349e22,
          "radius": 1737.4e3,
          "x": 5.877108953769618E10,
          "y": 1.3622807552238527E11,
          "z": -2.1201015176350947E7,
          "vx": -28219.6328968376,
          "vy": 12671.896785404515,
          "vz": 52.60738806114977
        }
      ]
    },
    {
      "name": "Jupiter",
      "mass": 1.89813e27,
      "radius": 69911e3,
      "x": 4.2356129006172845E11,
      "y": -6.342764511975085E11,
      "z": -6.84272964199871E9,
      "vx": 10707.516729653331,
      "vy": 7876.060818490996,
      "vz": -272.09362067103615
    },
    {
      "name": "Saturn",
      "mass": 5.6834e26,
      "radius": 58232e3,
      "x":  7.983809657387654E11,
      "y": -1.2621746448015193E12,
      "z": -9.838525866144592E9,
      "vx": 7626.389510996831,
      "vy": 5139.736424734791,
      "vz": -393.1930191155109,
      "moons": [
        {
          "name": "Titan",
          "mass": 1.34553e23,
          "radius": 2575.5e3,
          "x": 7.981672231936442E11,
          "y": -1.2610783001170093E12,
          "z": -1.0382406932077438E10,
          "vx": 2212.4781571968992,
          "vy": 4643.159388334806,
          "vz": 402.3536959474715
        }
      ]
    }
  ],
  "rockets": [
    {
      "name": "Probe",
      "mass": 120000,
      "radius": 1737.4e3,
      "x": 0,
      "y": 0,
      "z": 0,
      "vx": 0,
      "vy": 0,
      "vz": 0,
      "zoomLevel": 1e7
    }
  ]
}