{
  "planets": [
    {
      "name": "Saturn",
      "mass": 5.6834e26,
      "radius": 58232e3,
      "x": 6.328646641500651e+11,
      "y": -1.358172804527507e+12,
      "z": -1.578520137930810e+09,
      "vx": 8.220842186554890e+03,
      "vy": 4.052137378979608e+03,
      "vz":-3.976224719266916e+02,
      "moons": [
        {
          "name": "Titan",
          "mass": 1.34553e23,
          "radius": 2575.5e3,
          "x": 6.332873118527889e+11,
          "y": -1.357175556995868e+12,
          "z": -2.134637041453660e+09,
          "vx": 3.056877965721629e+03,
          "vy": 6.125612956428791e+03,
          "vz": -9.523587380845593e+02
        }
      ]
    }
  ],
  "rockets": [
    {
      "name": "Probe",
      "mass": 140000,
      "radius": 1737.4e3,
      "x": 0,
      "y": 0,
      "z": 0,
      "vx": 0,
      "vy": 0,
      "vz": 0,
      "zoomLevel": 1e7
    }
  ]
}