{
  "planets": [
    {
      "name": "Sun",
      "mass": 1.988500e30,
      "radius": 696340e3,
      "x": -6.806783239281648e+08,
      "y": 1.080005533878725e+09,
      "z": 6.564012751690170e+06,
      "vx": -1.420511669610689e+0,
      "vy": -4.954714716629277e+00,
      "vz": 3.994237625449041e-01
    },
    {
      "name": "Earth",
      "mass": 5.97219e24,
      "radius": 6371e3,
      "x": -1.471922101663588e+11,
      "y": -2.860995816266412e+10,
      "z": 8.278183193596080e+06,
      "vx": 5.427193405797901e+03,
      "vy": -2.931056622265021e+04,
      "vz": 6.575428158157592e-01,
      "moons": [
        {
          "name": "Moon",
          "mass": 7.349e22,
          "radius": 1737.4e3,
          "x": -1.472343904597218e+11,
          "y": -2.822578361503422e+10,
          "z": 1.052790970065631e+07,
          "vx": 4.433121605215677e+03,
          "vy": -2.948453614110320e+04,
          "vz": 8.896598225322805e+01
        }
      ]
    },
    {
      "name": "Jupiter",
      "mass": 1.89813e27,
      "radius": 69911e3,
      "x": 1.781303138592153e+11,
      "y": -7.551118436250277e+11,
      "z": -8.532838524802327e+08,
      "vx": 1.255852555185220e+04,
      "vy": 3.622680192790968e+03,
      "vz": -2.958620380112444e+02
    },
    {
      "name": "Saturn",
      "mass": 5.6834e26,
      "radius": 58232e3,
      "x": 6.328646641500651e+11,
      "y": -1.358172804527507e+12,
      "z": -1.578520137930810e+09,
      "vx": 8.220842186554890e+03,
      "vy": 4.052137378979608e+03,
      "vz":-3.976224719266916e+02,
      "moons": [
        {
          "name": "Titan",
          "mass": 1.34553e23,
          "radius": 2575.5e3,
          "x": 6.332873118527889e+11,
          "y": -1.357175556995868e+12,
          "z": -2.134637041453660e+09,
          "vx": 3.056877965721629e+03,
          "vy": 6.125612956428791e+03,
          "vz": -9.523587380845593e+02
        }
      ]
    }
  ],
  "rockets": [
    {
      "name": "Probe",
      "mass": 15000,
      "radius": 20,
      "x": -1.4729367095433246E11,
      "y":-2.92689818799422E10,
      "z":6581247.7920834115,
      "vx": 35471.35239814036,
      "vy": -70250.92136330617,
      "vz": -596.9174163070832
    }
  ]
}